k_removed,removed,auc
1,PPE,0.9793103448275862
2,"PPE,spread1",0.9689655172413794
3,"PPE,spread1,spread2",0.9517241379310345
4,"PPE,spread1,spread2,MDVP:RAP",0.9482758620689655
5,"PPE,spread1,spread2,MDVP:RAP,MDVP:Fhi(Hz)",0.9103448275862069
6,"PPE,spread1,spread2,MDVP:RAP,MDVP:Fhi(Hz),MDVP:Fo(Hz)",0.8344827586206898
7,"PPE,spread1,spread2,MDVP:RAP,MDVP:Fhi(Hz),MDVP:Fo(Hz),MDVP:APQ",0.8206896551724139
8,"PPE,spread1,spread2,MDVP:RAP,MDVP:Fhi(Hz),MDVP:Fo(Hz),MDVP:APQ,NHR",0.8344827586206898
9,"PPE,spread1,spread2,MDVP:RAP,MDVP:Fhi(Hz),MDVP:Fo(Hz),MDVP:APQ,NHR,D2",0.7896551724137931
10,"PPE,spread1,spread2,MDVP:RAP,MDVP:Fhi(Hz),MDVP:Fo(Hz),MDVP:APQ,NHR,D2,Jitter:DDP",0.7758620689655172
